<?xml version="1.0" encoding="Windows-1252"?>
<!DOCTYPE POWERMART SYSTEM "powrmart.dtd">
<POWERMART CREATION_DATE="03/05/2024 17:14:34" REPOSITORY_VERSION="187.96">
<REPOSITORY NAME="INFA_DEV_REP" VERSION="187" CODEPAGE="MS1252" DATABASETYPE="Microsoft SQL Server">
<FOLDER NAME="INFA_CAP" GROUP="" OWNER="Administrator" SHARED="NOTSHARED" DESCRIPTION="" PERMISSIONS="rwx---r--" UUID="d7dcd687-9cb3-4f4a-9cbc-2c3d98861249">
    <SOURCE BUSINESSNAME ="" DATABASETYPE ="Microsoft SQL Server" DBDNAME ="Capstone" DESCRIPTION ="" NAME ="SRC_COVID" OBJECTVERSION ="1" OWNERNAME ="dbo" VERSIONNUMBER ="1">
        <SOURCEFIELD BUSINESSNAME ="" DATATYPE ="nvarchar" DESCRIPTION ="" FIELDNUMBER ="1" FIELDPROPERTY ="0" FIELDTYPE ="ELEMITEM" HIDDEN ="NO" KEYTYPE ="NOT A KEY" LENGTH ="0" LEVEL ="0" NAME ="Date" NULLABLE ="NULL" OCCURS ="0" OFFSET ="0" PHYSICALLENGTH ="10" PHYSICALOFFSET ="0" PICTURETEXT ="" PRECISION ="10" SCALE ="0" USAGE_FLAGS =""/>
        <SOURCEFIELD BUSINESSNAME ="" DATATYPE ="varchar" DESCRIPTION ="" FIELDNUMBER ="2" FIELDPROPERTY ="0" FIELDTYPE ="ELEMITEM" HIDDEN ="NO" KEYTYPE ="NOT A KEY" LENGTH ="0" LEVEL ="0" NAME ="county" NULLABLE ="NULL" OCCURS ="0" OFFSET ="0" PHYSICALLENGTH ="20" PHYSICALOFFSET ="10" PICTURETEXT ="" PRECISION ="20" SCALE ="0" USAGE_FLAGS =""/>
        <SOURCEFIELD BUSINESSNAME ="" DATATYPE ="varchar" DESCRIPTION ="" FIELDNUMBER ="3" FIELDPROPERTY ="0" FIELDTYPE ="ELEMITEM" HIDDEN ="NO" KEYTYPE ="NOT A KEY" LENGTH ="0" LEVEL ="0" NAME ="state" NULLABLE ="NULL" OCCURS ="0" OFFSET ="0" PHYSICALLENGTH ="20" PHYSICALOFFSET ="30" PICTURETEXT ="" PRECISION ="20" SCALE ="0" USAGE_FLAGS =""/>
        <SOURCEFIELD BUSINESSNAME ="" DATATYPE ="int" DESCRIPTION ="" FIELDNUMBER ="4" FIELDPROPERTY ="0" FIELDTYPE ="ELEMITEM" HIDDEN ="NO" KEYTYPE ="NOT A KEY" LENGTH ="11" LEVEL ="0" NAME ="FIPS" NULLABLE ="NULL" OCCURS ="0" OFFSET ="0" PHYSICALLENGTH ="10" PHYSICALOFFSET ="50" PICTURETEXT ="" PRECISION ="10" SCALE ="0" USAGE_FLAGS =""/>
        <SOURCEFIELD BUSINESSNAME ="" DATATYPE ="int" DESCRIPTION ="" FIELDNUMBER ="5" FIELDPROPERTY ="0" FIELDTYPE ="ELEMITEM" HIDDEN ="NO" KEYTYPE ="NOT A KEY" LENGTH ="11" LEVEL ="0" NAME ="cases" NULLABLE ="NULL" OCCURS ="0" OFFSET ="11" PHYSICALLENGTH ="10" PHYSICALOFFSET ="60" PICTURETEXT ="" PRECISION ="10" SCALE ="0" USAGE_FLAGS =""/>
        <SOURCEFIELD BUSINESSNAME ="" DATATYPE ="int" DESCRIPTION ="" FIELDNUMBER ="6" FIELDPROPERTY ="0" FIELDTYPE ="ELEMITEM" HIDDEN ="NO" KEYTYPE ="NOT A KEY" LENGTH ="11" LEVEL ="0" NAME ="deaths" NULLABLE ="NULL" OCCURS ="0" OFFSET ="22" PHYSICALLENGTH ="10" PHYSICALOFFSET ="70" PICTURETEXT ="" PRECISION ="10" SCALE ="0" USAGE_FLAGS =""/>
    </SOURCE>
    <TARGET BUSINESSNAME ="" CONSTRAINT ="" DATABASETYPE ="Microsoft SQL Server" DESCRIPTION ="" NAME ="STG_COVID_REJECT" OBJECTVERSION ="1" TABLEOPTIONS ="" VERSIONNUMBER ="1">
        <TARGETFIELD BUSINESSNAME ="" DATATYPE ="nvarchar" DESCRIPTION ="" FIELDNUMBER ="1" KEYTYPE ="NOT A KEY" NAME ="Date" NULLABLE ="NULL" PICTURETEXT ="" PRECISION ="10" SCALE ="0"/>
        <TARGETFIELD BUSINESSNAME ="" DATATYPE ="varchar" DESCRIPTION ="" FIELDNUMBER ="2" KEYTYPE ="NOT A KEY" NAME ="county" NULLABLE ="NULL" PICTURETEXT ="" PRECISION ="20" SCALE ="0"/>
        <TARGETFIELD BUSINESSNAME ="" DATATYPE ="varchar" DESCRIPTION ="" FIELDNUMBER ="3" KEYTYPE ="NOT A KEY" NAME ="state" NULLABLE ="NULL" PICTURETEXT ="" PRECISION ="20" SCALE ="0"/>
        <TARGETFIELD BUSINESSNAME ="" DATATYPE ="int" DESCRIPTION ="" FIELDNUMBER ="4" KEYTYPE ="NOT A KEY" NAME ="FIPS" NULLABLE ="NULL" PICTURETEXT ="" PRECISION ="10" SCALE ="0"/>
        <TARGETFIELD BUSINESSNAME ="" DATATYPE ="int" DESCRIPTION ="" FIELDNUMBER ="5" KEYTYPE ="NOT A KEY" NAME ="cases" NULLABLE ="NULL" PICTURETEXT ="" PRECISION ="10" SCALE ="0"/>
        <TARGETFIELD BUSINESSNAME ="" DATATYPE ="int" DESCRIPTION ="" FIELDNUMBER ="6" KEYTYPE ="NOT A KEY" NAME ="deaths" NULLABLE ="NULL" PICTURETEXT ="" PRECISION ="10" SCALE ="0"/>
    </TARGET>
    <TARGET BUSINESSNAME ="" CONSTRAINT ="" DATABASETYPE ="Microsoft SQL Server" DESCRIPTION ="" NAME ="STG_COVID" OBJECTVERSION ="1" TABLEOPTIONS ="" VERSIONNUMBER ="1">
        <TARGETFIELD BUSINESSNAME ="" DATATYPE ="nvarchar" DESCRIPTION ="" FIELDNUMBER ="1" KEYTYPE ="NOT A KEY" NAME ="Date" NULLABLE ="NOTNULL" PICTURETEXT ="" PRECISION ="10" SCALE ="0"/>
        <TARGETFIELD BUSINESSNAME ="" DATATYPE ="varchar" DESCRIPTION ="" FIELDNUMBER ="2" KEYTYPE ="NOT A KEY" NAME ="county" NULLABLE ="NOTNULL" PICTURETEXT ="" PRECISION ="20" SCALE ="0"/>
        <TARGETFIELD BUSINESSNAME ="" DATATYPE ="varchar" DESCRIPTION ="" FIELDNUMBER ="3" KEYTYPE ="NOT A KEY" NAME ="state" NULLABLE ="NOTNULL" PICTURETEXT ="" PRECISION ="20" SCALE ="0"/>
        <TARGETFIELD BUSINESSNAME ="" DATATYPE ="int" DESCRIPTION ="" FIELDNUMBER ="4" KEYTYPE ="NOT A KEY" NAME ="FIPS" NULLABLE ="NOTNULL" PICTURETEXT ="" PRECISION ="10" SCALE ="0"/>
        <TARGETFIELD BUSINESSNAME ="" DATATYPE ="int" DESCRIPTION ="" FIELDNUMBER ="5" KEYTYPE ="NOT A KEY" NAME ="cases" NULLABLE ="NOTNULL" PICTURETEXT ="" PRECISION ="10" SCALE ="0"/>
        <TARGETFIELD BUSINESSNAME ="" DATATYPE ="int" DESCRIPTION ="" FIELDNUMBER ="6" KEYTYPE ="NOT A KEY" NAME ="deaths" NULLABLE ="NOTNULL" PICTURETEXT ="" PRECISION ="10" SCALE ="0"/>
    </TARGET>
    <MAPPING DESCRIPTION ="" ISVALID ="YES" NAME ="m_stg_load" OBJECTVERSION ="1" VERSIONNUMBER ="1">
        <TRANSFORMATION DESCRIPTION ="" NAME ="SQ_SRC_COVID" OBJECTVERSION ="1" REUSABLE ="NO" TYPE ="Source Qualifier" VERSIONNUMBER ="1">
            <TRANSFORMFIELD DATATYPE ="nstring" DEFAULTVALUE ="" DESCRIPTION ="" NAME ="Date" PICTURETEXT ="" PORTTYPE ="INPUT/OUTPUT" PRECISION ="10" SCALE ="0"/>
            <TRANSFORMFIELD DATATYPE ="string" DEFAULTVALUE ="" DESCRIPTION ="" NAME ="county" PICTURETEXT ="" PORTTYPE ="INPUT/OUTPUT" PRECISION ="20" SCALE ="0"/>
            <TRANSFORMFIELD DATATYPE ="string" DEFAULTVALUE ="" DESCRIPTION ="" NAME ="state" PICTURETEXT ="" PORTTYPE ="INPUT/OUTPUT" PRECISION ="20" SCALE ="0"/>
            <TRANSFORMFIELD DATATYPE ="integer" DEFAULTVALUE ="" DESCRIPTION ="" NAME ="FIPS" PICTURETEXT ="" PORTTYPE ="INPUT/OUTPUT" PRECISION ="10" SCALE ="0"/>
            <TRANSFORMFIELD DATATYPE ="integer" DEFAULTVALUE ="" DESCRIPTION ="" NAME ="cases" PICTURETEXT ="" PORTTYPE ="INPUT/OUTPUT" PRECISION ="10" SCALE ="0"/>
            <TRANSFORMFIELD DATATYPE ="integer" DEFAULTVALUE ="" DESCRIPTION ="" NAME ="deaths" PICTURETEXT ="" PORTTYPE ="INPUT/OUTPUT" PRECISION ="10" SCALE ="0"/>
            <TABLEATTRIBUTE NAME ="Sql Query" VALUE ="SELECT SRC_COVID.Date, SRC_COVID.county, SRC_COVID.state, SRC_COVID.FIPS, SRC_COVID.cases, SRC_COVID.deaths &#xD;&#xA;FROM&#xD;&#xA; SRC_COVID"/>
            <TABLEATTRIBUTE NAME ="User Defined Join" VALUE =""/>
            <TABLEATTRIBUTE NAME ="Source Filter" VALUE =""/>
            <TABLEATTRIBUTE NAME ="Number Of Sorted Ports" VALUE ="0"/>
            <TABLEATTRIBUTE NAME ="Tracing Level" VALUE ="Normal"/>
            <TABLEATTRIBUTE NAME ="Select Distinct" VALUE ="NO"/>
            <TABLEATTRIBUTE NAME ="Is Partitionable" VALUE ="NO"/>
            <TABLEATTRIBUTE NAME ="Pre SQL" VALUE =""/>
            <TABLEATTRIBUTE NAME ="Post SQL" VALUE =""/>
            <TABLEATTRIBUTE NAME ="Output is deterministic" VALUE ="NO"/>
            <TABLEATTRIBUTE NAME ="Output is repeatable" VALUE ="Never"/>
        </TRANSFORMATION>
        <TRANSFORMATION DESCRIPTION ="" NAME ="RTRTRANS" OBJECTVERSION ="1" REUSABLE ="NO" TYPE ="Router" VERSIONNUMBER ="1">
            <GROUP DESCRIPTION ="" NAME ="INPUT" ORDER ="1" TYPE ="INPUT"/>
            <GROUP DESCRIPTION ="" EXPRESSION ="IIF(NOT ISNULL(FIPS),True,False)" NAME ="insert" ORDER ="2" TYPE ="OUTPUT"/>
            <GROUP DESCRIPTION ="Path for the data when none of the group conditions are satisfied." NAME ="DEFAULT1" ORDER ="4" TYPE ="OUTPUT/DEFAULT"/>
            <GROUP DESCRIPTION ="" EXPRESSION ="IIF(ISNULL(FIPS),True,False)" NAME ="reject" ORDER ="3" TYPE ="OUTPUT"/>
            <TRANSFORMFIELD DATATYPE ="nstring" DEFAULTVALUE ="" DESCRIPTION ="" GROUP ="INPUT" NAME ="Date" PICTURETEXT ="" PORTTYPE ="INPUT" PRECISION ="11" SCALE ="0"/>
            <TRANSFORMFIELD DATATYPE ="string" DEFAULTVALUE ="" DESCRIPTION ="" GROUP ="INPUT" NAME ="county" PICTURETEXT ="" PORTTYPE ="INPUT" PRECISION ="25" SCALE ="0"/>
            <TRANSFORMFIELD DATATYPE ="string" DEFAULTVALUE ="" DESCRIPTION ="" GROUP ="INPUT" NAME ="state" PICTURETEXT ="" PORTTYPE ="INPUT" PRECISION ="25" SCALE ="0"/>
            <TRANSFORMFIELD DATATYPE ="integer" DEFAULTVALUE ="" DESCRIPTION ="" GROUP ="INPUT" NAME ="FIPS" PICTURETEXT ="" PORTTYPE ="INPUT" PRECISION ="10" SCALE ="0"/>
            <TRANSFORMFIELD DATATYPE ="integer" DEFAULTVALUE ="" DESCRIPTION ="" GROUP ="INPUT" NAME ="cases" PICTURETEXT ="" PORTTYPE ="INPUT" PRECISION ="10" SCALE ="0"/>
            <TRANSFORMFIELD DATATYPE ="integer" DEFAULTVALUE ="" DESCRIPTION ="" GROUP ="INPUT" NAME ="deaths" PICTURETEXT ="" PORTTYPE ="INPUT" PRECISION ="10" SCALE ="0"/>
            <TRANSFORMFIELD DATATYPE ="nstring" DEFAULTVALUE ="" DESCRIPTION ="" GROUP ="insert" NAME ="Date1" PICTURETEXT ="" PORTTYPE ="OUTPUT" PRECISION ="11" REF_FIELD ="Date" SCALE ="0"/>
            <TRANSFORMFIELD DATATYPE ="string" DEFAULTVALUE ="" DESCRIPTION ="" GROUP ="insert" NAME ="county1" PICTURETEXT ="" PORTTYPE ="OUTPUT" PRECISION ="25" REF_FIELD ="county" SCALE ="0"/>
            <TRANSFORMFIELD DATATYPE ="string" DEFAULTVALUE ="" DESCRIPTION ="" GROUP ="insert" NAME ="state1" PICTURETEXT ="" PORTTYPE ="OUTPUT" PRECISION ="25" REF_FIELD ="state" SCALE ="0"/>
            <TRANSFORMFIELD DATATYPE ="integer" DEFAULTVALUE ="" DESCRIPTION ="" GROUP ="insert" NAME ="FIPS1" PICTURETEXT ="" PORTTYPE ="OUTPUT" PRECISION ="10" REF_FIELD ="FIPS" SCALE ="0"/>
            <TRANSFORMFIELD DATATYPE ="integer" DEFAULTVALUE ="" DESCRIPTION ="" GROUP ="insert" NAME ="cases1" PICTURETEXT ="" PORTTYPE ="OUTPUT" PRECISION ="10" REF_FIELD ="cases" SCALE ="0"/>
            <TRANSFORMFIELD DATATYPE ="integer" DEFAULTVALUE ="" DESCRIPTION ="" GROUP ="insert" NAME ="deaths1" PICTURETEXT ="" PORTTYPE ="OUTPUT" PRECISION ="10" REF_FIELD ="deaths" SCALE ="0"/>
            <TRANSFORMFIELD DATATYPE ="nstring" DEFAULTVALUE ="" DESCRIPTION ="" GROUP ="reject" NAME ="Date3" PICTURETEXT ="" PORTTYPE ="OUTPUT" PRECISION ="11" REF_FIELD ="Date" SCALE ="0"/>
            <TRANSFORMFIELD DATATYPE ="string" DEFAULTVALUE ="" DESCRIPTION ="" GROUP ="reject" NAME ="county3" PICTURETEXT ="" PORTTYPE ="OUTPUT" PRECISION ="25" REF_FIELD ="county" SCALE ="0"/>
            <TRANSFORMFIELD DATATYPE ="string" DEFAULTVALUE ="" DESCRIPTION ="" GROUP ="reject" NAME ="state3" PICTURETEXT ="" PORTTYPE ="OUTPUT" PRECISION ="25" REF_FIELD ="state" SCALE ="0"/>
            <TRANSFORMFIELD DATATYPE ="integer" DEFAULTVALUE ="" DESCRIPTION ="" GROUP ="reject" NAME ="FIPS3" PICTURETEXT ="" PORTTYPE ="OUTPUT" PRECISION ="10" REF_FIELD ="FIPS" SCALE ="0"/>
            <TRANSFORMFIELD DATATYPE ="integer" DEFAULTVALUE ="" DESCRIPTION ="" GROUP ="reject" NAME ="cases3" PICTURETEXT ="" PORTTYPE ="OUTPUT" PRECISION ="10" REF_FIELD ="cases" SCALE ="0"/>
            <TRANSFORMFIELD DATATYPE ="integer" DEFAULTVALUE ="" DESCRIPTION ="" GROUP ="reject" NAME ="deaths3" PICTURETEXT ="" PORTTYPE ="OUTPUT" PRECISION ="10" REF_FIELD ="deaths" SCALE ="0"/>
            <TRANSFORMFIELD DATATYPE ="nstring" DEFAULTVALUE ="" DESCRIPTION ="" GROUP ="DEFAULT1" NAME ="Date2" PICTURETEXT ="" PORTTYPE ="OUTPUT" PRECISION ="11" REF_FIELD ="Date" SCALE ="0"/>
            <TRANSFORMFIELD DATATYPE ="string" DEFAULTVALUE ="" DESCRIPTION ="" GROUP ="DEFAULT1" NAME ="county2" PICTURETEXT ="" PORTTYPE ="OUTPUT" PRECISION ="25" REF_FIELD ="county" SCALE ="0"/>
            <TRANSFORMFIELD DATATYPE ="string" DEFAULTVALUE ="" DESCRIPTION ="" GROUP ="DEFAULT1" NAME ="state2" PICTURETEXT ="" PORTTYPE ="OUTPUT" PRECISION ="25" REF_FIELD ="state" SCALE ="0"/>
            <TRANSFORMFIELD DATATYPE ="integer" DEFAULTVALUE ="" DESCRIPTION ="" GROUP ="DEFAULT1" NAME ="FIPS2" PICTURETEXT ="" PORTTYPE ="OUTPUT" PRECISION ="10" REF_FIELD ="FIPS" SCALE ="0"/>
            <TRANSFORMFIELD DATATYPE ="integer" DEFAULTVALUE ="" DESCRIPTION ="" GROUP ="DEFAULT1" NAME ="cases2" PICTURETEXT ="" PORTTYPE ="OUTPUT" PRECISION ="10" REF_FIELD ="cases" SCALE ="0"/>
            <TRANSFORMFIELD DATATYPE ="integer" DEFAULTVALUE ="" DESCRIPTION ="" GROUP ="DEFAULT1" NAME ="deaths2" PICTURETEXT ="" PORTTYPE ="OUTPUT" PRECISION ="10" REF_FIELD ="deaths" SCALE ="0"/>
            <TABLEATTRIBUTE NAME ="Tracing Level" VALUE ="Normal"/>
        </TRANSFORMATION>
        <INSTANCE DESCRIPTION ="" NAME ="STG_COVID" TRANSFORMATION_NAME ="STG_COVID" TRANSFORMATION_TYPE ="Target Definition" TYPE ="TARGET"/>
        <INSTANCE DESCRIPTION ="" NAME ="STG_COVID_REJECT" TRANSFORMATION_NAME ="STG_COVID_REJECT" TRANSFORMATION_TYPE ="Target Definition" TYPE ="TARGET"/>
        <INSTANCE DBDNAME ="Capstone" DESCRIPTION ="" NAME ="SRC_COVID" TRANSFORMATION_NAME ="SRC_COVID" TRANSFORMATION_TYPE ="Source Definition" TYPE ="SOURCE"/>
        <INSTANCE DESCRIPTION ="" NAME ="SQ_SRC_COVID" REUSABLE ="NO" TRANSFORMATION_NAME ="SQ_SRC_COVID" TRANSFORMATION_TYPE ="Source Qualifier" TYPE ="TRANSFORMATION">
            <ASSOCIATED_SOURCE_INSTANCE NAME ="SRC_COVID"/>
        </INSTANCE>
        <INSTANCE DESCRIPTION ="" NAME ="RTRTRANS" REUSABLE ="NO" TRANSFORMATION_NAME ="RTRTRANS" TRANSFORMATION_TYPE ="Router" TYPE ="TRANSFORMATION"/>
        <CONNECTOR FROMFIELD ="Date1" FROMINSTANCE ="RTRTRANS" FROMINSTANCETYPE ="Router" TOFIELD ="Date" TOINSTANCE ="STG_COVID" TOINSTANCETYPE ="Target Definition"/>
        <CONNECTOR FROMFIELD ="county1" FROMINSTANCE ="RTRTRANS" FROMINSTANCETYPE ="Router" TOFIELD ="county" TOINSTANCE ="STG_COVID" TOINSTANCETYPE ="Target Definition"/>
        <CONNECTOR FROMFIELD ="state1" FROMINSTANCE ="RTRTRANS" FROMINSTANCETYPE ="Router" TOFIELD ="state" TOINSTANCE ="STG_COVID" TOINSTANCETYPE ="Target Definition"/>
        <CONNECTOR FROMFIELD ="FIPS1" FROMINSTANCE ="RTRTRANS" FROMINSTANCETYPE ="Router" TOFIELD ="FIPS" TOINSTANCE ="STG_COVID" TOINSTANCETYPE ="Target Definition"/>
        <CONNECTOR FROMFIELD ="cases1" FROMINSTANCE ="RTRTRANS" FROMINSTANCETYPE ="Router" TOFIELD ="cases" TOINSTANCE ="STG_COVID" TOINSTANCETYPE ="Target Definition"/>
        <CONNECTOR FROMFIELD ="deaths1" FROMINSTANCE ="RTRTRANS" FROMINSTANCETYPE ="Router" TOFIELD ="deaths" TOINSTANCE ="STG_COVID" TOINSTANCETYPE ="Target Definition"/>
        <CONNECTOR FROMFIELD ="Date3" FROMINSTANCE ="RTRTRANS" FROMINSTANCETYPE ="Router" TOFIELD ="Date" TOINSTANCE ="STG_COVID_REJECT" TOINSTANCETYPE ="Target Definition"/>
        <CONNECTOR FROMFIELD ="county3" FROMINSTANCE ="RTRTRANS" FROMINSTANCETYPE ="Router" TOFIELD ="county" TOINSTANCE ="STG_COVID_REJECT" TOINSTANCETYPE ="Target Definition"/>
        <CONNECTOR FROMFIELD ="state3" FROMINSTANCE ="RTRTRANS" FROMINSTANCETYPE ="Router" TOFIELD ="state" TOINSTANCE ="STG_COVID_REJECT" TOINSTANCETYPE ="Target Definition"/>
        <CONNECTOR FROMFIELD ="FIPS3" FROMINSTANCE ="RTRTRANS" FROMINSTANCETYPE ="Router" TOFIELD ="FIPS" TOINSTANCE ="STG_COVID_REJECT" TOINSTANCETYPE ="Target Definition"/>
        <CONNECTOR FROMFIELD ="cases3" FROMINSTANCE ="RTRTRANS" FROMINSTANCETYPE ="Router" TOFIELD ="cases" TOINSTANCE ="STG_COVID_REJECT" TOINSTANCETYPE ="Target Definition"/>
        <CONNECTOR FROMFIELD ="deaths3" FROMINSTANCE ="RTRTRANS" FROMINSTANCETYPE ="Router" TOFIELD ="deaths" TOINSTANCE ="STG_COVID_REJECT" TOINSTANCETYPE ="Target Definition"/>
        <CONNECTOR FROMFIELD ="Date" FROMINSTANCE ="SRC_COVID" FROMINSTANCETYPE ="Source Definition" TOFIELD ="Date" TOINSTANCE ="SQ_SRC_COVID" TOINSTANCETYPE ="Source Qualifier"/>
        <CONNECTOR FROMFIELD ="county" FROMINSTANCE ="SRC_COVID" FROMINSTANCETYPE ="Source Definition" TOFIELD ="county" TOINSTANCE ="SQ_SRC_COVID" TOINSTANCETYPE ="Source Qualifier"/>
        <CONNECTOR FROMFIELD ="state" FROMINSTANCE ="SRC_COVID" FROMINSTANCETYPE ="Source Definition" TOFIELD ="state" TOINSTANCE ="SQ_SRC_COVID" TOINSTANCETYPE ="Source Qualifier"/>
        <CONNECTOR FROMFIELD ="FIPS" FROMINSTANCE ="SRC_COVID" FROMINSTANCETYPE ="Source Definition" TOFIELD ="FIPS" TOINSTANCE ="SQ_SRC_COVID" TOINSTANCETYPE ="Source Qualifier"/>
        <CONNECTOR FROMFIELD ="cases" FROMINSTANCE ="SRC_COVID" FROMINSTANCETYPE ="Source Definition" TOFIELD ="cases" TOINSTANCE ="SQ_SRC_COVID" TOINSTANCETYPE ="Source Qualifier"/>
        <CONNECTOR FROMFIELD ="deaths" FROMINSTANCE ="SRC_COVID" FROMINSTANCETYPE ="Source Definition" TOFIELD ="deaths" TOINSTANCE ="SQ_SRC_COVID" TOINSTANCETYPE ="Source Qualifier"/>
        <CONNECTOR FROMFIELD ="Date" FROMINSTANCE ="SQ_SRC_COVID" FROMINSTANCETYPE ="Source Qualifier" TOFIELD ="Date" TOINSTANCE ="RTRTRANS" TOINSTANCETYPE ="Router"/>
        <CONNECTOR FROMFIELD ="county" FROMINSTANCE ="SQ_SRC_COVID" FROMINSTANCETYPE ="Source Qualifier" TOFIELD ="county" TOINSTANCE ="RTRTRANS" TOINSTANCETYPE ="Router"/>
        <CONNECTOR FROMFIELD ="state" FROMINSTANCE ="SQ_SRC_COVID" FROMINSTANCETYPE ="Source Qualifier" TOFIELD ="state" TOINSTANCE ="RTRTRANS" TOINSTANCETYPE ="Router"/>
        <CONNECTOR FROMFIELD ="FIPS" FROMINSTANCE ="SQ_SRC_COVID" FROMINSTANCETYPE ="Source Qualifier" TOFIELD ="FIPS" TOINSTANCE ="RTRTRANS" TOINSTANCETYPE ="Router"/>
        <CONNECTOR FROMFIELD ="cases" FROMINSTANCE ="SQ_SRC_COVID" FROMINSTANCETYPE ="Source Qualifier" TOFIELD ="cases" TOINSTANCE ="RTRTRANS" TOINSTANCETYPE ="Router"/>
        <CONNECTOR FROMFIELD ="deaths" FROMINSTANCE ="SQ_SRC_COVID" FROMINSTANCETYPE ="Source Qualifier" TOFIELD ="deaths" TOINSTANCE ="RTRTRANS" TOINSTANCETYPE ="Router"/>
        <TARGETLOADORDER ORDER ="1" TARGETINSTANCE ="STG_COVID"/>
        <TARGETLOADORDER ORDER ="1" TARGETINSTANCE ="STG_COVID_REJECT"/>
        <ERPINFO/>
    </MAPPING>
    <CONFIG DESCRIPTION ="Default session configuration object" ISDEFAULT ="YES" NAME ="default_session_config" VERSIONNUMBER ="1">
        <ATTRIBUTE NAME ="Advanced" VALUE =""/>
        <ATTRIBUTE NAME ="Constraint based load ordering" VALUE ="NO"/>
        <ATTRIBUTE NAME ="Cache LOOKUP() function" VALUE ="YES"/>
        <ATTRIBUTE NAME ="Default buffer block size" VALUE ="Auto"/>
        <ATTRIBUTE NAME ="Line Sequential buffer length" VALUE ="1024"/>
        <ATTRIBUTE NAME ="Maximum Memory Allowed For Auto Memory Attributes" VALUE ="512MB"/>
        <ATTRIBUTE NAME ="Maximum Percentage of Total Memory Allowed For Auto Memory Attributes" VALUE ="5"/>
        <ATTRIBUTE NAME ="Additional Concurrent Pipelines for Lookup Cache Creation" VALUE ="Auto"/>
        <ATTRIBUTE NAME ="Custom Properties" VALUE =""/>
        <ATTRIBUTE NAME ="Pre-build lookup cache" VALUE ="Auto"/>
        <ATTRIBUTE NAME ="Optimization Level" VALUE ="Medium"/>
        <ATTRIBUTE NAME ="DateTime Format String" VALUE ="MM/DD/YYYY HH24:MI:SS.US"/>
        <ATTRIBUTE NAME ="Pre 85 Timestamp Compatibility" VALUE ="NO"/>
        <ATTRIBUTE NAME ="Log Options" VALUE ="0"/>
        <ATTRIBUTE NAME ="Save session log by" VALUE ="Session runs"/>
        <ATTRIBUTE NAME ="Save session log for these runs" VALUE ="0"/>
        <ATTRIBUTE NAME ="Session Log File Max Size" VALUE ="0"/>
        <ATTRIBUTE NAME ="Session Log File Max Time Period" VALUE ="0"/>
        <ATTRIBUTE NAME ="Maximum Partial Session Log Files" VALUE ="1"/>
        <ATTRIBUTE NAME ="Writer Commit Statistics Log Frequency" VALUE ="1"/>
        <ATTRIBUTE NAME ="Writer Commit Statistics Log Interval" VALUE ="0"/>
        <ATTRIBUTE NAME ="Error handling" VALUE =""/>
        <ATTRIBUTE NAME ="Stop on errors" VALUE ="0"/>
        <ATTRIBUTE NAME ="Override tracing" VALUE ="None"/>
        <ATTRIBUTE NAME ="On Stored Procedure error" VALUE ="Stop"/>
        <ATTRIBUTE NAME ="On Pre-session command task error" VALUE ="Stop"/>
        <ATTRIBUTE NAME ="On Pre-Post SQL error" VALUE ="Stop"/>
        <ATTRIBUTE NAME ="Enable Recovery" VALUE ="NO"/>
        <ATTRIBUTE NAME ="Error Log Type" VALUE ="None"/>
        <ATTRIBUTE NAME ="Error Log Table Name Prefix" VALUE =""/>
        <ATTRIBUTE NAME ="Error Log File Name" VALUE ="PMError.log"/>
        <ATTRIBUTE NAME ="Log Source Row Data" VALUE ="NO"/>
        <ATTRIBUTE NAME ="Data Column Delimiter" VALUE ="|"/>
        <ATTRIBUTE NAME ="Partitioning Options" VALUE =""/>
        <ATTRIBUTE NAME ="Dynamic Partitioning" VALUE ="Disabled"/>
        <ATTRIBUTE NAME ="Number of Partitions" VALUE ="1"/>
        <ATTRIBUTE NAME ="Multiplication Factor" VALUE ="Auto"/>
        <ATTRIBUTE NAME ="Session on Grid" VALUE =""/>
        <ATTRIBUTE NAME ="Is Enabled" VALUE ="NO"/>
    </CONFIG>
    <WORKFLOW DESCRIPTION ="" ISENABLED ="YES" ISRUNNABLESERVICE ="NO" ISSERVICE ="NO" ISVALID ="YES" NAME ="wf_stg_load" REUSABLE_SCHEDULER ="NO" SCHEDULERNAME ="Scheduler" SERVERNAME ="INFA_DEV_INIT" SERVER_DOMAINNAME ="Domain" SUSPEND_ON_ERROR ="NO" TASKS_MUST_RUN_ON_SERVER ="NO" VERSIONNUMBER ="1">
        <SCHEDULER DESCRIPTION ="" NAME ="Scheduler" REUSABLE ="NO" VERSIONNUMBER ="1">
            <SCHEDULEINFO SCHEDULETYPE ="ONDEMAND"/>
        </SCHEDULER>
        <TASK DESCRIPTION ="" NAME ="Start" REUSABLE ="NO" TYPE ="Start" VERSIONNUMBER ="1"/>
        <TASK DESCRIPTION ="" NAME ="Command" REUSABLE ="NO" TYPE ="Command" VERSIONNUMBER ="1">
            <ATTRIBUTE NAME ="Fail task if any command fails" VALUE ="NO"/>
            <ATTRIBUTE NAME ="Recovery Strategy" VALUE ="Fail task and continue workflow"/>
            <VALUEPAIR EXECORDER ="1" NAME ="Command1" REVERSEASSIGNMENT ="NO" VALUE ="pmcmd startworkflow -sv INFA_DEV_INIT -d Domain -u Administrator -p admin -f INFA_CAP wf_capstone "/>
        </TASK>
        <SESSION DESCRIPTION ="" ISVALID ="YES" MAPPINGNAME ="m_stg_load" NAME ="s_m_stg_load" REUSABLE ="NO" SORTORDER ="Binary" VERSIONNUMBER ="1">
            <SESSTRANSFORMATIONINST ISREPARTITIONPOINT ="YES" PARTITIONTYPE ="PASS THROUGH" PIPELINE ="1" SINSTANCENAME ="STG_COVID" STAGE ="1" TRANSFORMATIONNAME ="STG_COVID" TRANSFORMATIONTYPE ="Target Definition"/>
            <SESSTRANSFORMATIONINST ISREPARTITIONPOINT ="YES" PARTITIONTYPE ="PASS THROUGH" PIPELINE ="1" SINSTANCENAME ="STG_COVID_REJECT" STAGE ="2" TRANSFORMATIONNAME ="STG_COVID_REJECT" TRANSFORMATIONTYPE ="Target Definition"/>
            <SESSTRANSFORMATIONINST ISREPARTITIONPOINT ="NO" PIPELINE ="0" SINSTANCENAME ="SRC_COVID" STAGE ="0" TRANSFORMATIONNAME ="SRC_COVID" TRANSFORMATIONTYPE ="Source Definition"/>
            <SESSTRANSFORMATIONINST ISREPARTITIONPOINT ="YES" PARTITIONTYPE ="PASS THROUGH" PIPELINE ="1" SINSTANCENAME ="SQ_SRC_COVID" STAGE ="3" TRANSFORMATIONNAME ="SQ_SRC_COVID" TRANSFORMATIONTYPE ="Source Qualifier"/>
            <SESSTRANSFORMATIONINST ISREPARTITIONPOINT ="NO" PIPELINE ="1" SINSTANCENAME ="RTRTRANS" STAGE ="3" TRANSFORMATIONNAME ="RTRTRANS" TRANSFORMATIONTYPE ="Router">
                <PARTITION DESCRIPTION ="" NAME ="Partition #1"/>
            </SESSTRANSFORMATIONINST>
            <CONFIGREFERENCE REFOBJECTNAME ="default_session_config" TYPE ="Session config"/>
            <SESSIONEXTENSION NAME ="Relational Writer" SINSTANCENAME ="STG_COVID" SUBTYPE ="Relational Writer" TRANSFORMATIONTYPE ="Target Definition" TYPE ="WRITER">
                <CONNECTIONREFERENCE CNXREFNAME ="DB Connection" CONNECTIONNAME ="" CONNECTIONNUMBER ="1" CONNECTIONSUBTYPE ="" CONNECTIONTYPE ="Relational" VARIABLE ="$DBConnection_Tgt"/>
                <ATTRIBUTE NAME ="Target load type" VALUE ="Normal"/>
                <ATTRIBUTE NAME ="Insert" VALUE ="YES"/>
                <ATTRIBUTE NAME ="Update as Update" VALUE ="YES"/>
                <ATTRIBUTE NAME ="Update as Insert" VALUE ="NO"/>
                <ATTRIBUTE NAME ="Update else Insert" VALUE ="NO"/>
                <ATTRIBUTE NAME ="Delete" VALUE ="YES"/>
                <ATTRIBUTE NAME ="Truncate target table option" VALUE ="YES"/>
                <ATTRIBUTE NAME ="Reject file directory" VALUE ="$PMBadFileDir&#x5c;"/>
                <ATTRIBUTE NAME ="Reject filename" VALUE ="stg_covid1.bad"/>
            </SESSIONEXTENSION>
            <SESSIONEXTENSION NAME ="Relational Writer" SINSTANCENAME ="STG_COVID_REJECT" SUBTYPE ="Relational Writer" TRANSFORMATIONTYPE ="Target Definition" TYPE ="WRITER">
                <CONNECTIONREFERENCE CNXREFNAME ="DB Connection" CONNECTIONNAME ="" CONNECTIONNUMBER ="1" CONNECTIONSUBTYPE ="" CONNECTIONTYPE ="Relational" VARIABLE ="$DBConnection_Tgt"/>
                <ATTRIBUTE NAME ="Target load type" VALUE ="Normal"/>
                <ATTRIBUTE NAME ="Insert" VALUE ="YES"/>
                <ATTRIBUTE NAME ="Update as Update" VALUE ="YES"/>
                <ATTRIBUTE NAME ="Update as Insert" VALUE ="NO"/>
                <ATTRIBUTE NAME ="Update else Insert" VALUE ="NO"/>
                <ATTRIBUTE NAME ="Delete" VALUE ="YES"/>
                <ATTRIBUTE NAME ="Truncate target table option" VALUE ="YES"/>
                <ATTRIBUTE NAME ="Reject file directory" VALUE ="$PMBadFileDir&#x5c;"/>
                <ATTRIBUTE NAME ="Reject filename" VALUE ="stg_covid_reject1.bad"/>
            </SESSIONEXTENSION>
            <SESSIONEXTENSION DSQINSTNAME ="SQ_SRC_COVID" DSQINSTTYPE ="Source Qualifier" NAME ="Relational Reader" SINSTANCENAME ="SRC_COVID" SUBTYPE ="Relational Reader" TRANSFORMATIONTYPE ="Source Definition" TYPE ="READER"/>
            <SESSIONEXTENSION NAME ="Relational Reader" SINSTANCENAME ="SQ_SRC_COVID" SUBTYPE ="Relational Reader" TRANSFORMATIONTYPE ="Source Qualifier" TYPE ="READER">
                <CONNECTIONREFERENCE CNXREFNAME ="DB Connection" CONNECTIONNAME ="" CONNECTIONNUMBER ="1" CONNECTIONSUBTYPE ="" CONNECTIONTYPE ="Relational" VARIABLE ="$DBConnection_Src"/>
            </SESSIONEXTENSION>
            <ATTRIBUTE NAME ="General Options" VALUE =""/>
            <ATTRIBUTE NAME ="Write Backward Compatible Session Log File" VALUE ="NO"/>
            <ATTRIBUTE NAME ="Session Log File Name" VALUE ="s_m_stg_load.log"/>
            <ATTRIBUTE NAME ="Session Log File directory" VALUE ="$PMSessionLogDir&#x5c;"/>
            <ATTRIBUTE NAME ="Parameter Filename" VALUE =""/>
            <ATTRIBUTE NAME ="Enable Test Load" VALUE ="NO"/>
            <ATTRIBUTE NAME ="$Source connection value" VALUE =""/>
            <ATTRIBUTE NAME ="$Target connection value" VALUE =""/>
            <ATTRIBUTE NAME ="Treat source rows as" VALUE ="Insert"/>
            <ATTRIBUTE NAME ="Commit Type" VALUE ="Target"/>
            <ATTRIBUTE NAME ="Commit Interval" VALUE ="10000"/>
            <ATTRIBUTE NAME ="Commit On End Of File" VALUE ="YES"/>
            <ATTRIBUTE NAME ="Rollback Transactions on Errors" VALUE ="NO"/>
            <ATTRIBUTE NAME ="Recovery Strategy" VALUE ="Fail task and continue workflow"/>
            <ATTRIBUTE NAME ="Java Classpath" VALUE =""/>
            <ATTRIBUTE NAME ="Performance" VALUE =""/>
            <ATTRIBUTE NAME ="DTM buffer size" VALUE ="Auto"/>
            <ATTRIBUTE NAME ="Collect performance data" VALUE ="NO"/>
            <ATTRIBUTE NAME ="Write performance data to repository" VALUE ="NO"/>
            <ATTRIBUTE NAME ="Incremental Aggregation" VALUE ="NO"/>
            <ATTRIBUTE NAME ="Enable high precision" VALUE ="NO"/>
            <ATTRIBUTE NAME ="Session retry on deadlock" VALUE ="NO"/>
            <ATTRIBUTE NAME ="Pushdown Optimization" VALUE ="None"/>
            <ATTRIBUTE NAME ="Allow Temporary View for Pushdown" VALUE ="NO"/>
            <ATTRIBUTE NAME ="Allow Temporary Sequence for Pushdown" VALUE ="NO"/>
            <ATTRIBUTE NAME ="Allow Pushdown for User Incompatible Connections" VALUE ="NO"/>
        </SESSION>
        <TASKINSTANCE DESCRIPTION ="" ISENABLED ="YES" NAME ="Start" REUSABLE ="NO" TASKNAME ="Start" TASKTYPE ="Start"/>
        <TASKINSTANCE DESCRIPTION ="" FAIL_PARENT_IF_INSTANCE_DID_NOT_RUN ="NO" FAIL_PARENT_IF_INSTANCE_FAILS ="NO" ISENABLED ="YES" NAME ="s_m_stg_load" REUSABLE ="NO" TASKNAME ="s_m_stg_load" TASKTYPE ="Session" TREAT_INPUTLINK_AS_AND ="YES"/>
        <TASKINSTANCE DESCRIPTION ="" FAIL_PARENT_IF_INSTANCE_DID_NOT_RUN ="NO" FAIL_PARENT_IF_INSTANCE_FAILS ="NO" ISENABLED ="YES" NAME ="Command" REUSABLE ="NO" TASKNAME ="Command" TASKTYPE ="Command" TREAT_INPUTLINK_AS_AND ="YES"/>
        <WORKFLOWLINK CONDITION ="" FROMTASK ="Start" TOTASK ="s_m_stg_load"/>
        <WORKFLOWLINK CONDITION ="" FROMTASK ="s_m_stg_load" TOTASK ="Command"/>
        <WORKFLOWVARIABLE DATATYPE ="date/time" DEFAULTVALUE ="" DESCRIPTION ="The time this task started" ISNULL ="NO" ISPERSISTENT ="NO" NAME ="$Start.StartTime" USERDEFINED ="NO"/>
        <WORKFLOWVARIABLE DATATYPE ="date/time" DEFAULTVALUE ="" DESCRIPTION ="The time this task completed" ISNULL ="NO" ISPERSISTENT ="NO" NAME ="$Start.EndTime" USERDEFINED ="NO"/>
        <WORKFLOWVARIABLE DATATYPE ="integer" DEFAULTVALUE ="" DESCRIPTION ="Status of this task&apos;s execution" ISNULL ="NO" ISPERSISTENT ="NO" NAME ="$Start.Status" USERDEFINED ="NO"/>
        <WORKFLOWVARIABLE DATATYPE ="integer" DEFAULTVALUE ="" DESCRIPTION ="Status of the previous task that is not disabled" ISNULL ="NO" ISPERSISTENT ="NO" NAME ="$Start.PrevTaskStatus" USERDEFINED ="NO"/>
        <WORKFLOWVARIABLE DATATYPE ="integer" DEFAULTVALUE ="" DESCRIPTION ="Error code for this task&apos;s execution" ISNULL ="NO" ISPERSISTENT ="NO" NAME ="$Start.ErrorCode" USERDEFINED ="NO"/>
        <WORKFLOWVARIABLE DATATYPE ="string" DEFAULTVALUE ="" DESCRIPTION ="Error message for this task&apos;s execution" ISNULL ="NO" ISPERSISTENT ="NO" NAME ="$Start.ErrorMsg" USERDEFINED ="NO"/>
        <WORKFLOWVARIABLE DATATYPE ="date/time" DEFAULTVALUE ="" DESCRIPTION ="The time this task started" ISNULL ="NO" ISPERSISTENT ="NO" NAME ="$s_m_stg_load.StartTime" USERDEFINED ="NO"/>
        <WORKFLOWVARIABLE DATATYPE ="date/time" DEFAULTVALUE ="" DESCRIPTION ="The time this task completed" ISNULL ="NO" ISPERSISTENT ="NO" NAME ="$s_m_stg_load.EndTime" USERDEFINED ="NO"/>
        <WORKFLOWVARIABLE DATATYPE ="integer" DEFAULTVALUE ="" DESCRIPTION ="Status of this task&apos;s execution" ISNULL ="NO" ISPERSISTENT ="NO" NAME ="$s_m_stg_load.Status" USERDEFINED ="NO"/>
        <WORKFLOWVARIABLE DATATYPE ="integer" DEFAULTVALUE ="" DESCRIPTION ="Status of the previous task that is not disabled" ISNULL ="NO" ISPERSISTENT ="NO" NAME ="$s_m_stg_load.PrevTaskStatus" USERDEFINED ="NO"/>
        <WORKFLOWVARIABLE DATATYPE ="integer" DEFAULTVALUE ="" DESCRIPTION ="Error code for this task&apos;s execution" ISNULL ="NO" ISPERSISTENT ="NO" NAME ="$s_m_stg_load.ErrorCode" USERDEFINED ="NO"/>
        <WORKFLOWVARIABLE DATATYPE ="string" DEFAULTVALUE ="" DESCRIPTION ="Error message for this task&apos;s execution" ISNULL ="NO" ISPERSISTENT ="NO" NAME ="$s_m_stg_load.ErrorMsg" USERDEFINED ="NO"/>
        <WORKFLOWVARIABLE DATATYPE ="integer" DEFAULTVALUE ="" DESCRIPTION ="Rows successfully read" ISNULL ="NO" ISPERSISTENT ="NO" NAME ="$s_m_stg_load.SrcSuccessRows" USERDEFINED ="NO"/>
        <WORKFLOWVARIABLE DATATYPE ="integer" DEFAULTVALUE ="" DESCRIPTION ="Rows failed to read" ISNULL ="NO" ISPERSISTENT ="NO" NAME ="$s_m_stg_load.SrcFailedRows" USERDEFINED ="NO"/>
        <WORKFLOWVARIABLE DATATYPE ="integer" DEFAULTVALUE ="" DESCRIPTION ="Rows successfully loaded" ISNULL ="NO" ISPERSISTENT ="NO" NAME ="$s_m_stg_load.TgtSuccessRows" USERDEFINED ="NO"/>
        <WORKFLOWVARIABLE DATATYPE ="integer" DEFAULTVALUE ="" DESCRIPTION ="Rows failed to load" ISNULL ="NO" ISPERSISTENT ="NO" NAME ="$s_m_stg_load.TgtFailedRows" USERDEFINED ="NO"/>
        <WORKFLOWVARIABLE DATATYPE ="integer" DEFAULTVALUE ="" DESCRIPTION ="Total number of transformation errors" ISNULL ="NO" ISPERSISTENT ="NO" NAME ="$s_m_stg_load.TotalTransErrors" USERDEFINED ="NO"/>
        <WORKFLOWVARIABLE DATATYPE ="integer" DEFAULTVALUE ="" DESCRIPTION ="First error code" ISNULL ="NO" ISPERSISTENT ="NO" NAME ="$s_m_stg_load.FirstErrorCode" USERDEFINED ="NO"/>
        <WORKFLOWVARIABLE DATATYPE ="string" DEFAULTVALUE ="" DESCRIPTION ="First error message" ISNULL ="NO" ISPERSISTENT ="NO" NAME ="$s_m_stg_load.FirstErrorMsg" USERDEFINED ="NO"/>
        <WORKFLOWVARIABLE DATATYPE ="date/time" DEFAULTVALUE ="" DESCRIPTION ="The time this task started" ISNULL ="NO" ISPERSISTENT ="NO" NAME ="$Command.StartTime" USERDEFINED ="NO"/>
        <WORKFLOWVARIABLE DATATYPE ="date/time" DEFAULTVALUE ="" DESCRIPTION ="The time this task completed" ISNULL ="NO" ISPERSISTENT ="NO" NAME ="$Command.EndTime" USERDEFINED ="NO"/>
        <WORKFLOWVARIABLE DATATYPE ="integer" DEFAULTVALUE ="" DESCRIPTION ="Status of this task&apos;s execution" ISNULL ="NO" ISPERSISTENT ="NO" NAME ="$Command.Status" USERDEFINED ="NO"/>
        <WORKFLOWVARIABLE DATATYPE ="integer" DEFAULTVALUE ="" DESCRIPTION ="Status of the previous task that is not disabled" ISNULL ="NO" ISPERSISTENT ="NO" NAME ="$Command.PrevTaskStatus" USERDEFINED ="NO"/>
        <WORKFLOWVARIABLE DATATYPE ="integer" DEFAULTVALUE ="" DESCRIPTION ="Error code for this task&apos;s execution" ISNULL ="NO" ISPERSISTENT ="NO" NAME ="$Command.ErrorCode" USERDEFINED ="NO"/>
        <WORKFLOWVARIABLE DATATYPE ="string" DEFAULTVALUE ="" DESCRIPTION ="Error message for this task&apos;s execution" ISNULL ="NO" ISPERSISTENT ="NO" NAME ="$Command.ErrorMsg" USERDEFINED ="NO"/>
        <ATTRIBUTE NAME ="Parameter Filename" VALUE ="C:&#x5c;Informatica&#x5c;10.2.0&#x5c;server&#x5c;infa_shared&#x5c;BWParam&#x5c;capstone.prm"/>
        <ATTRIBUTE NAME ="Write Backward Compatible Workflow Log File" VALUE ="NO"/>
        <ATTRIBUTE NAME ="Workflow Log File Name" VALUE ="wf_stg_load.log"/>
        <ATTRIBUTE NAME ="Workflow Log File Directory" VALUE ="$PMWorkflowLogDir&#x5c;"/>
        <ATTRIBUTE NAME ="Save Workflow log by" VALUE ="By runs"/>
        <ATTRIBUTE NAME ="Save workflow log for these runs" VALUE ="0"/>
        <ATTRIBUTE NAME ="Service Name" VALUE =""/>
        <ATTRIBUTE NAME ="Service Timeout" VALUE ="0"/>
        <ATTRIBUTE NAME ="Is Service Visible" VALUE ="NO"/>
        <ATTRIBUTE NAME ="Is Service Protected" VALUE ="NO"/>
        <ATTRIBUTE NAME ="Fail task after wait time" VALUE ="0"/>
        <ATTRIBUTE NAME ="Enable HA recovery" VALUE ="NO"/>
        <ATTRIBUTE NAME ="Automatically recover terminated tasks" VALUE ="NO"/>
        <ATTRIBUTE NAME ="Service Level Name" VALUE ="Default"/>
        <ATTRIBUTE NAME ="Allow concurrent run with unique run instance name" VALUE ="NO"/>
        <ATTRIBUTE NAME ="Allow concurrent run with same run instance name" VALUE ="NO"/>
        <ATTRIBUTE NAME ="Maximum number of concurrent runs" VALUE ="0"/>
        <ATTRIBUTE NAME ="Assigned Web Services Hubs" VALUE =""/>
        <ATTRIBUTE NAME ="Maximum number of concurrent runs per Hub" VALUE ="1000"/>
        <ATTRIBUTE NAME ="Expected Service Time" VALUE ="1"/>
    </WORKFLOW>
</FOLDER>
</REPOSITORY>
</POWERMART>